dataset,instances,igd_plus__nsga2,igd_plus__moead,igd_plus__pddr_local_search_delete_only,igd_plus__local_search_always_delete_only,hypervolume__nsga2,hypervolume__moead,hypervolume__pddr_local_search_delete_only,hypervolume__local_search_always_delete_only,test_error__nsga2,test_error__moead,test_error__pddr_local_search_delete_only,test_error__local_search_always_delete_only,selected_count__nsga2,selected_count__moead,selected_count__pddr_local_search_delete_only,selected_count__local_search_always_delete_only,inference_seconds__nsga2,inference_seconds__moead,inference_seconds__pddr_local_search_delete_only,inference_seconds__local_search_always_delete_only,storage_bytes__nsga2,storage_bytes__moead,storage_bytes__pddr_local_search_delete_only,storage_bytes__local_search_always_delete_only,combined_cost__nsga2,combined_cost__moead,combined_cost__pddr_local_search_delete_only,combined_cost__local_search_always_delete_only,algorithm_runtime_seconds__nsga2,algorithm_runtime_seconds__moead,algorithm_runtime_seconds__pddr_local_search_delete_only,algorithm_runtime_seconds__local_search_always_delete_only
iris,25,0.023046103186556328,0.2795977922968252,0.0,0.0,1.0726999569956106,0.8763612063256686,1.1019742931315277,1.1019742931315277,0.03333333333333333,0.04000000000000001,0.03333333333333333,0.03333333333333333,1.04,1.0,1.0,1.0,0.00010776149109005928,0.00011427156627178192,0.00010190089233219624,0.00010190089233219624,894.96,1119.2,864.0,864.0,0.004355666693881907,0.004852844330002896,0.004143995550670625,0.004143995550670625,0.3208381691388786,1.5557142462115734,1.566458650222048,1.8359607026446612
wine,25,0.0,0.11663739772118908,0.0,0.0,1.130929754530854,1.0890000000000004,1.130929754530854,1.130929754530854,0.027936507936507936,0.02682539682539682,0.027936507936507936,0.027936507936507936,1.0,1.0,1.0,1.0,9.828484617173672e-05,0.00010387815535068513,9.828484617173672e-05,9.828484617173672e-05,1107.6,1408.0,1107.6,1107.6,0.003888436130834746,0.004339740662801299,0.003888436130834746,0.003888436130834746,0.31793012116104363,1.553489978183061,1.604370276639238,1.8590291959792375
breast_cancer,25,0.03594157115193815,0.16526739584962905,0.0,0.0,0.5412703788734574,0.4949586061450968,0.5741500248314225,0.5741500248314225,0.02849868032914143,0.02814780313615898,0.02814780313615898,0.02814780313615898,1.88,1.6,1.8,1.8,0.0012082200963050127,0.00015876501798629762,0.0011336056049913168,0.0011336056049913168,60097.68,1593.0,58204.0,58204.0,0.054979657960883686,0.004466313635015559,0.05231749484743101,0.05231749484743101,0.3056250892020762,1.53644442290999,1.4167042857501655,1.6321300987899303
banknote,25,0.05510034497149597,0.4506876754670085,0.0,0.0,0.5020252596834143,0.3973235808414655,0.6006263723006912,0.6006263723006912,0.0037876575978765758,0.00320371599203716,0.003641672196416722,0.003641672196416722,1.2,1.04,1.0,1.0,0.0006123387441039085,0.0005689459014683962,0.0005047112703323364,0.0005047112703323364,2441.28,2146.36,1944.0,1944.0,0.007476911232835663,0.006874295014321781,0.0061459684961979,0.0061459684961979,0.31826756565831604,1.6370238994341344,1.4330070809926838,1.6114666262548416
segment,25,0.06905708074353913,0.11659444349272416,0.003733009806986386,0.004395730057042147,0.8761079714994121,0.7775139938777555,1.0087199999510152,1.0060106001462887,0.02796536796536797,0.0354978354978355,0.02761904761904762,0.027445887445887444,2.8,1.6,2.0,2.0,0.014641850553452969,0.007635714551433921,0.010262641189619899,0.010720857102423906,3423603.32,658237.48,2246747.76,2240614.08,0.3614136348673293,0.087631230198375,0.23923077050354713,0.2404410692214205,0.31872197080403564,1.5157577196508647,1.2279740493558347,1.386332838954404
dry_bean,25,0.039654344239414045,0.30058804246937176,0.011440141690053444,0.010556140806953574,1.0072215416835324,0.6145148010586888,1.097908337861135,1.096557980824059,0.07045732019105219,0.07551206515483122,0.07032511846320685,0.07026632196466112,5.72,2.12,5.92,5.76,1.2842756242025644,0.05847546857781708,1.4304057375807315,1.386808171067387,16198184.8,856529.04,16636317.84,15383716.4,0.5110420048342438,0.024848266100305993,0.5479496179396747,0.5197253389032405,0.46402463064529004,1.582615541787818,1.2591862535197287,1.3311938351113348
magic,25,0.059180350908526885,0.01526827327303185,0.0005081201148174481,0.0024854778934562676,0.9606377408730179,1.0501903756906446,1.1074467544430429,1.1055135541079881,0.12267087276550999,0.12569926393270242,0.1222292323869611,0.12226077812828601,2.84,1.08,2.04,2.04,1.091738501349464,0.5479646371584386,0.8699743857886643,0.7473757136799395,41432537.76,5247834.6,33771917.88,35138595.96,0.5030255633354085,0.09539129553917194,0.40796803681158117,0.41259137120716055,0.4012794134020805,1.599608429968357,1.2208317722380162,1.3372745943628253
spambase,25,0.0704391035094286,0.05802392241438188,0.005876274558772173,0.012861081655820924,0.9041389665130777,0.9812921763317896,1.103432310169532,1.0972179282501138,0.05168205636595383,0.0522488316102535,0.050421942123400836,0.05029164896379172,4.52,1.24,2.8,3.04,0.27633821170777084,0.0053895173221826555,0.1729969283659011,0.16503055166453123,10493807.52,1966180.48,7772591.4,9002627.48,0.4536228944942664,0.06410160625839936,0.32214796312866495,0.35756776617984776,0.30570742798037825,1.6766584386862815,1.2511995109915732,1.3719606425054371
optdigits,25,0.02097601750850999,0.12148037447187171,0.0045527275697847995,0.004500422094194333,1.1493478952916305,0.9928469316107607,1.1970168577500053,1.1938554670926593,0.014661921708185055,0.020355871886120997,0.01491103202846975,0.014733096085409252,4.88,1.44,4.68,4.88,0.611763591049239,0.1344800164271146,0.5830488390475511,0.6418916147015988,19070991.2,1394892.16,19369728.84,18886768.0,0.42943270390078586,0.054767044115835904,0.42660548554316113,0.43465861389410526,0.37100930290296674,1.5053610233590007,1.1511296416074037,1.238518542777747
vehicle,25,0.12850602712886974,0.03388102222704876,0.004377883781616379,0.0041296079356673236,0.8426214307839385,0.9665220889167189,0.9975013453662821,0.9998039024142805,0.2049704142011834,0.19384615384615383,0.1990532544378698,0.2021301775147929,3.2,2.0,2.2,2.12,0.004527935339137912,0.0040349547378718854,0.0040100428555160765,0.004746427284553647,92336.44,67295.6,58122.68,62024.88,0.06542917088075563,0.05672181111180534,0.0555350733362861,0.06527256184598693,0.29143722482956946,1.5090113291703164,1.3226976869348437,1.5056916268728673
page_blocks,25,0.04009278355493234,0.2473348160608944,0.0020879396164519524,0.003356747790554217,0.9825756380030843,0.582043786525491,1.1093636427183384,1.1092562080187407,0.028393645705508667,0.032010785271259584,0.028210763567153338,0.028283822927883936,3.56,1.64,3.48,3.32,0.03236240109428763,0.009776341682299971,0.03303354246541858,0.0302377634588629,4295846.08,61762.72,4307918.68,4134052.76,0.4077300103914165,0.02110604455389126,0.4099101643757939,0.3906430436494606,0.3350949551258236,1.5214671882148831,1.1934430474042892,1.3263019240368157
letter,25,0.04604488774734551,0.01559140615300578,0.00029452128305479516,0.0013725216672675472,1.138145186635454,1.223104200132294,1.2365149001676579,1.2357869666445458,0.032650000000000005,0.031799999999999995,0.031400000000000004,0.03119,3.96,1.0,2.44,2.04,5.868152936324477,2.180360263036564,4.441487527079881,3.916744860075414,186581144.68,5784531.16,103905887.48,75989630.16,0.5544004079423863,0.08428191366511634,0.3488151286268544,0.27749363123958676,1.0907687795162202,1.5815925996471196,1.422739568380639,1.5387540189735591
semeion,25,0.011669091213971439,0.01908742775924554,0.001075075155824191,0.0007555170338736649,1.236944012447462,1.2192823018636303,1.272326440977139,1.272599476527995,0.06516433035626268,0.07394885747520752,0.06503933282072515,0.0667952130281343,4.12,2.28,3.72,3.64,0.06482090707868338,0.009748163297772408,0.0631306064594537,0.062175505999475716,13369206.28,4226788.6,12081261.64,11292087.56,0.37518653832319854,0.09546165595880064,0.3489416290241996,0.3330631340913217,0.291071260003373,1.4824504303000867,1.1020965436287224,1.1971272579487413
yeast,25,0.06076280822454124,0.14018837317434873,0.019425054851172175,0.017271573169860083,0.8939892334306847,0.7806535703713677,0.9862527887889395,0.9954206231869304,0.4006406406406407,0.4181540631540631,0.4006383656383657,0.3976754026754027,5.64,2.2,5.44,4.76,0.05680315164849162,0.012387593295425176,0.053306849915534256,0.04243802929297089,13603166.8,599322.56,14259897.28,14192552.28,0.5397861504046769,0.06533519470600924,0.5420774988404615,0.49445880245101903,0.3120133724901825,1.5516520402114837,1.2069007128942757,1.2814457820542158
